name,date_of_birth
John Doe,1991-04-16
Heda Pittford,1989-04-07
Charmian Tackell,1999-04-29
Moyna Acutt,1985-04-20
Barrett Asplin,1978-06-20
Sher Buzine,1951-05-18
Dre Mumm,1996-01-25
Valentina Tough,1941-07-20
Dalston Gornall,1987-09-17
Bibbie Leffek,1982-11-30
Daile Lynthal,2001-01-11
De Stranaghan,1985-10-20
Beniamino Oakenfall,1971-02-14
Skell Bull,1984-02-19
Kassey Murkitt,1991-11-27
Hermione Kalkofen,1968-03-26
Almeria MacKaig,2000-03-25
Rufe Tidey,1981-10-29
Raimondo Gardiner,1984-06-07
Barbee Brozek,1985-10-13
