name,gender,date_of_birth
Mark Clarkson,Female,1958-01-11
Jack Drake,Female,2004-04-20
Malynda Ballham,Female,1999-09-25
Claribel Durling,Female,1998-04-26
Benjy Coulthard,Male,1996-03-17
Erl Adamczyk,Male,1964-10-01
Pavel Pigot,Male,1942-05-03
Rufe Normadell,Male,1991-05-10
Crystie Tregenza,Female,1959-07-28
Leola Levy,Female,2007-11-01
Fitzgerald Winkell,Male,1941-03-06
Delcina Rapsey,Female,1956-02-09
Chaddie Mc Meekan,Male,1960-05-05
Tracey Radbone,Female,1955-08-16
Anselm Towler,Male,1989-01-20
Idelle Upham,Female,1968-11-26
Shelba Smyley,Female,2008-03-09
Nicolle Poel,Female,2003-03-21
Lorrie Brodie,Male,1948-10-21
Helaine Itzig,Female,1957-02-26
